INSERT INTO
  "PublicHolidays" (country, iso, year, date, day, name, type)
VALUES
  (
    'India',
    'IN',
    2025,
    '2025-01-01',
    'Wednesday',
    'New Year''s Day',
    'RESTRICTED_HOLIDAY'
  ),
  (
    'India',
    'IN',
    2025,
    '2025-01-13',
    'Monday',
    'Lohri',
    'RESTRICTED_HOLIDAY'
  ),
  (
    'India',
    'IN',
    2025,
    '2025-01-26',
    'Sunday',
    'Republic Day',
    'GAZETTED_HOLIDAY'
  ),
  (
    'India',
    'IN',
    2025,
    '2025-03-14',
    'Friday',
    'Dolyatra',
    'RESTRICTED_HOLIDAY'
  ),
  (
    'India',
    'IN',
    2025,
    '2025-04-06',
    'Sunday',
    'Rama Navami',
    'GAZETTED_HOLIDAY'
  ),
  (
    'India',
    'IN',
    2025,
    '2025-04-10',
    'Thursday',
    'Mahavir Jayanti',
    'GAZETTED_HOLIDAY'
  ),
  (
    'India',
    'IN',
    2025,
    '2025-04-14',
    'Monday',
    'Ambedkar Jayanti',
    'OBSERVANCE'
  ),
  (
    'India',
    'IN',
    2025,
    '2025-04-18',
    'Friday',
    'Good Friday',
    'GAZETTED_HOLIDAY'
  ),
  (
    'India',
    'IN',
    2025,
    '2025-05-12',
    'Monday',
    'Buddha Purnima/Vesak',
    'GAZETTED_HOLIDAY'
  ),
  (
    'India',
    'IN',
    2025,
    '2025-06-07',
    'Saturday',
    'Bakr Id/Eid ul-Adha (Tentative Date)',
    'GAZETTED_HOLIDAY'
  ),
  (
    'India',
    'IN',
    2025,
    '2025-07-06',
    'Sunday',
    'Muharram/Ashura (Tentative Date)',
    'GAZETTED_HOLIDAY'
  ),
  (
    'India',
    'IN',
    2025,
    '2025-08-16',
    'Saturday',
    'Janmashtami',
    'GAZETTED_HOLIDAY'
  ),
  (
    'India',
    'IN',
    2025,
    '2025-10-02',
    'Thursday',
    'Dussehra',
    'GAZETTED_HOLIDAY'
  ),
  (
    'India',
    'IN',
    2025,
    '2025-10-20',
    'Monday',
    'Diwali/Deepavali',
    'GAZETTED_HOLIDAY'
  ),
  (
    'India',
    'IN',
    2025,
    '2025-11-05',
    'Wednesday',
    'Guru Nanak Jayanti',
    'GAZETTED_HOLIDAY'
  ),
  (
    'India',
    'IN',
    2025,
    '2025-12-25',
    'Thursday',
    'Christmas',
    'GAZETTED_HOLIDAY'
  ),
  (
    'India',
    'IN',
    2026,
    '2026-01-26',
    'Monday',
    'Republic Day',
    'GAZETTED_HOLIDAY'
  ),
  (
    'India',
    'IN',
    2026,
    '2026-03-04',
    'Wednesday',
    'Holi',
    'GAZETTED_HOLIDAY'
  ),
  (
    'India',
    'IN',
    2026,
    '2026-03-26',
    'Thursday',
    'Rama Navami',
    'GAZETTED_HOLIDAY'
  ),
  (
    'India',
    'IN',
    2026,
    '2026-04-03',
    'Friday',
    'Good Friday',
    'GAZETTED_HOLIDAY'
  ),
  (
    'India',
    'IN',
    2026,
    '2026-04-14',
    'Tuesday',
    'Ambedkar Jayanti',
    'OBSERVANCE'
  ),
  (
    'India',
    'IN',
    2026,
    '2026-05-27',
    'Wednesday',
    'Bakr Id/Eid ul-Adha (Tentative Date)',
    'GAZETTED_HOLIDAY'
  ),
  (
    'India',
    'IN',
    2026,
    '2026-06-26',
    'Friday',
    'Muharram/Ashura (Tentative Date)',
    'GAZETTED_HOLIDAY'
  ),
  (
    'India',
    'IN',
    2026,
    '2026-08-15',
    'Saturday',
    'Independence Day',
    'GAZETTED_HOLIDAY'
  ),
  (
    'India',
    'IN',
    2026,
    '2026-10-02',
    'Friday',
    'Mahatma Gandhi Jayanti',
    'GAZETTED_HOLIDAY'
  ),
  (
    'India',
    'IN',
    2026,
    '2026-10-20',
    'Tuesday',
    'Dussehra',
    'GAZETTED_HOLIDAY'
  ),
  (
    'India',
    'IN',
    2026,
    '2026-11-08',
    'Sunday',
    'Diwali/Deepavali',
    'GAZETTED_HOLIDAY'
  ),
  (
    'India',
    'IN',
    2026,
    '2026-12-25',
    'Friday',
    'Christmas',
    'GAZETTED_HOLIDAY'
  ),
  (
    'India',
    'IN',
    2024,
    '2024-01-14',
    'Sunday',
    'Lohri',
    'RESTRICTED_HOLIDAY'
  ),
  (
    'India',
    'IN',
    2024,
    '2024-01-26',
    'Friday',
    'Republic Day',
    'GAZETTED_HOLIDAY'
  ),
  (
    'India',
    'IN',
    2024,
    '2024-03-25',
    'Monday',
    'Dolyatra',
    'RESTRICTED_HOLIDAY'
  ),
  (
    'India',
    'IN',
    2024,
    '2024-03-29',
    'Friday',
    'Good Friday',
    'GAZETTED_HOLIDAY'
  ),
  (
    'India',
    'IN',
    2024,
    '2024-04-10',
    'Wednesday',
    'Ramzan Id/Eid-ul-Fitar (Tentative Date)',
    'MUSLIM_COMMON_LOCAL_HOLIDAY'
  ),
  (
    'India',
    'IN',
    2024,
    '2024-04-14',
    'Sunday',
    'Ambedkar Jayanti',
    'OBSERVANCE'
  ),
  (
    'India',
    'IN',
    2024,
    '2024-04-17',
    'Wednesday',
    'Rama Navami',
    'GAZETTED_HOLIDAY'
  ),
  (
    'India',
    'IN',
    2024,
    '2024-04-21',
    'Sunday',
    'Mahavir Jayanti',
    'GAZETTED_HOLIDAY'
  ),
  (
    'India',
    'IN',
    2024,
    '2024-05-23',
    'Thursday',
    'Buddha Purnima/Vesak',
    'GAZETTED_HOLIDAY'
  ),
  (
    'India',
    'IN',
    2024,
    '2024-06-17',
    'Monday',
    'Bakr Id/Eid ul-Adha (Tentative Date)',
    'GAZETTED_HOLIDAY'
  ),
  (
    'India',
    'IN',
    2024,
    '2024-07-17',
    'Wednesday',
    'Muharram/Ashura (Tentative Date)',
    'GAZETTED_HOLIDAY'
  ),
  (
    'India',
    'IN',
    2024,
    '2024-09-16',
    'Monday',
    'Milad un-Nabi/Id-e-Milad (Tentative Date)',
    'GAZETTED_HOLIDAY'
  ),
  (
    'India',
    'IN',
    2024,
    '2024-10-02',
    'Wednesday',
    'Mahatma Gandhi Jayanti',
    'GAZETTED_HOLIDAY'
  ),
  (
    'India',
    'IN',
    2024,
    '2024-10-12',
    'Saturday',
    'Dussehra',
    'GAZETTED_HOLIDAY'
  ),
  (
    'India',
    'IN',
    2024,
    '2024-11-01',
    'Friday',
    'Diwali/Deepavali',
    'GAZETTED_HOLIDAY'
  ),
  (
    'India',
    'IN',
    2024,
    '2024-11-15',
    'Friday',
    'Guru Nanak Jayanti',
    'GAZETTED_HOLIDAY'
  ),
  (
    'India',
    'IN',
    2024,
    '2024-12-25',
    'Wednesday',
    'Christmas',
    'GAZETTED_HOLIDAY'
  ),
  (
    'Germany',
    'DE',
    2024,
    '2024-05-01',
    'Wednesday',
    'May Day',
    'NATIONAL_HOLIDAY'
  ),
  (
    'Germany',
    'DE',
    2024,
    '2024-05-20',
    'Monday',
    'Whit Monday',
    'NATIONAL_HOLIDAY_CHRISTIAN'
  ),
  (
    'Germany',
    'DE',
    2024,
    '2024-12-26',
    'Thursday',
    'Boxing Day',
    'NATIONAL_HOLIDAY_CHRISTIAN'
  ),
  (
    'Germany',
    'DE',
    2024,
    '2024-10-03',
    'Thursday',
    'Day of German Unity',
    'NATIONAL_HOLIDAY'
  ),
  (
    'Germany',
    'DE',
    2024,
    '2024-12-25',
    'Wednesday',
    'Christmas Day',
    'NATIONAL_HOLIDAY_CHRISTIAN'
  ),
  (
    'Germany',
    'DE',
    2024,
    '2024-01-01',
    'Monday',
    'New Year''s Day',
    'NATIONAL_HOLIDAY'
  ),
  (
    'Germany',
    'DE',
    2024,
    '2024-03-29',
    'Friday',
    'Good Friday',
    'NATIONAL_HOLIDAY_CHRISTIAN'
  ),
  (
    'Germany',
    'DE',
    2024,
    '2024-04-01',
    'Monday',
    'Easter Monday',
    'NATIONAL_HOLIDAY_CHRISTIAN'
  ),
  (
    'Germany',
    'DE',
    2025,
    '2025-05-01',
    'Thursday',
    'May Day',
    'NATIONAL_HOLIDAY'
  ),
  (
    'Germany',
    'DE',
    2025,
    '2025-12-26',
    'Friday',
    'Boxing Day',
    'NATIONAL_HOLIDAY_CHRISTIAN'
  ),
  (
    'Germany',
    'DE',
    2025,
    '2025-10-03',
    'Friday',
    'Day of German Unity',
    'NATIONAL_HOLIDAY'
  ),
  (
    'Germany',
    'DE',
    2025,
    '2025-12-25',
    'Thursday',
    'Christmas Day',
    'NATIONAL_HOLIDAY_CHRISTIAN'
  ),
  (
    'Germany',
    'DE',
    2025,
    '2025-01-01',
    'Wednesday',
    'New Year''s Day',
    'NATIONAL_HOLIDAY'
  ),
  (
    'Germany',
    'DE',
    2025,
    '2025-04-18',
    'Friday',
    'Good Friday',
    'NATIONAL_HOLIDAY_CHRISTIAN'
  ),
  (
    'Germany',
    'DE',
    2025,
    '2025-04-21',
    'Monday',
    'Easter Monday',
    'NATIONAL_HOLIDAY_CHRISTIAN'
  ),
  (
    'Germany',
    'DE',
    2026,
    '2026-05-01',
    'Friday',
    'May Day',
    'NATIONAL_HOLIDAY'
  ),
  (
    'Germany',
    'DE',
    2026,
    '2026-12-26',
    'Saturday',
    'Boxing Day',
    'NATIONAL_HOLIDAY_CHRISTIAN'
  ),
  (
    'Germany',
    'DE',
    2026,
    '2026-10-03',
    'Saturday',
    'Day of German Unity',
    'NATIONAL_HOLIDAY'
  ),
  (
    'Germany',
    'DE',
    2026,
    '2026-12-25',
    'Friday',
    'Christmas Day',
    'NATIONAL_HOLIDAY_CHRISTIAN'
  ),
  (
    'Germany',
    'DE',
    2026,
    '2026-01-01',
    'Thursday',
    'New Year''s Day',
    'NATIONAL_HOLIDAY'
  ),
  (
    'Germany',
    'DE',
    2026,
    '2026-04-03',
    'Friday',
    'Good Friday',
    'NATIONAL_HOLIDAY_CHRISTIAN'
  ),
  (
    'Germany',
    'DE',
    2026,
    '2026-04-06',
    'Monday',
    'Easter Monday',
    'NATIONAL_HOLIDAY_CHRISTIAN'
  ),
  (
    'Germany',
    'DE',
    2026,
    '2026-05-14',
    'Thursday',
    'Ascension Day',
    'NATIONAL_HOLIDAY_CHRISTIAN'
  ),
  (
    'Germany',
    'DE',
    2026,
    '2026-05-25',
    'Monday',
    'Whit Monday',
    'NATIONAL_HOLIDAY_CHRISTIAN'
  ),
  (
    'Netherlands',
    'NL',
    2024,
    '2024-03-29',
    'Friday',
    'Good Friday',
    'NATIONAL_HOLIDAY'
  ),
  (
    'Netherlands',
    'NL',
    2024,
    '2024-05-20',
    'Monday',
    'Whit Monday',
    'NATIONAL_HOLIDAY'
  ),
  (
    'Netherlands',
    'NL',
    2024,
    '2024-05-19',
    'Sunday',
    'Whit Sunday',
    'NATIONAL_HOLIDAY'
  ),
  (
    'Netherlands',
    'NL',
    2024,
    '2024-05-09',
    'Thursday',
    'Ascension Day',
    'NATIONAL_HOLIDAY'
  ),
  (
    'Netherlands',
    'NL',
    2024,
    '2024-04-01',
    'Monday',
    'Easter Monday',
    'NATIONAL_HOLIDAY'
  ),
  (
    'Netherlands',
    'NL',
    2024,
    '2024-04-27',
    'Saturday',
    'King''s Birthday',
    'NATIONAL_HOLIDAY'
  ),
  (
    'Netherlands',
    'NL',
    2024,
    '2024-03-31',
    'Sunday',
    'Easter Sunday',
    'NATIONAL_HOLIDAY'
  ),
  (
    'Netherlands',
    'NL',
    2024,
    '2024-12-26',
    'Thursday',
    'Second Day of Christmas',
    'NATIONAL_HOLIDAY'
  ),
  (
    'Netherlands',
    'NL',
    2024,
    '2024-12-25',
    'Wednesday',
    'Christmas Day',
    'NATIONAL_HOLIDAY'
  ),
  (
    'Netherlands',
    'NL',
    2024,
    '2024-01-01',
    'Monday',
    'New Year''s Day',
    'NATIONAL_HOLIDAY'
  ),
  (
    'Netherlands',
    'NL',
    2024,
    '2024-05-05',
    'Sunday',
    'Liberation Day',
    'PUBLIC_SECTOR'
  ),
  (
    'Netherlands',
    'NL',
    2025,
    '2025-06-09',
    'Monday',
    'Whit Monday',
    'NATIONAL_HOLIDAY'
  ),
  (
    'Netherlands',
    'NL',
    2025,
    '2025-04-20',
    'Sunday',
    'Easter Sunday',
    'NATIONAL_HOLIDAY'
  ),
  (
    'Netherlands',
    'NL',
    2025,
    '2025-06-08',
    'Sunday',
    'Whit Sunday',
    'NATIONAL_HOLIDAY'
  ),
  (
    'Netherlands',
    'NL',
    2025,
    '2025-04-21',
    'Monday',
    'Easter Monday',
    'NATIONAL_HOLIDAY'
  ),
  (
    'Netherlands',
    'NL',
    2025,
    '2025-12-26',
    'Friday',
    'Second Day of Christmas',
    'NATIONAL_HOLIDAY'
  ),
  (
    'Netherlands',
    'NL',
    2025,
    '2025-04-26',
    'Saturday',
    'King''s Birthday',
    'NATIONAL_HOLIDAY'
  ),
  (
    'Netherlands',
    'NL',
    2025,
    '2025-04-18',
    'Friday',
    'Good Friday',
    'NATIONAL_HOLIDAY'
  ),
  (
    'Netherlands',
    'NL',
    2025,
    '2025-12-25',
    'Thursday',
    'Christmas Day',
    'NATIONAL_HOLIDAY'
  ),
  (
    'Netherlands',
    'NL',
    2025,
    '2025-01-01',
    'Wednesday',
    'New Year''s Day',
    'NATIONAL_HOLIDAY'
  ),
  (
    'Netherlands',
    'NL',
    2025,
    '2025-05-29',
    'Thursday',
    'Ascension Day',
    'NATIONAL_HOLIDAY'
  ),
  (
    'Netherlands',
    'NL',
    2025,
    '2025-05-05',
    'Monday',
    'Liberation Day',
    'NATIONAL_HOLIDAY'
  ),
  (
    'Netherlands',
    'NL',
    2026,
    '2026-05-24',
    'Sunday',
    'Whit Sunday',
    'NATIONAL_HOLIDAY'
  ),
  (
    'Netherlands',
    'NL',
    2026,
    '2026-05-14',
    'Thursday',
    'Ascension Day',
    'NATIONAL_HOLIDAY'
  ),
  (
    'Netherlands',
    'NL',
    2026,
    '2026-04-06',
    'Monday',
    'Easter Monday',
    'NATIONAL_HOLIDAY'
  ),
  (
    'Netherlands',
    'NL',
    2026,
    '2026-04-27',
    'Monday',
    'King''s Birthday',
    'NATIONAL_HOLIDAY'
  ),
  (
    'Netherlands',
    'NL',
    2026,
    '2026-04-05',
    'Sunday',
    'Easter Sunday',
    'NATIONAL_HOLIDAY'
  ),
  (
    'Netherlands',
    'NL',
    2026,
    '2026-12-26',
    'Saturday',
    'Second Day of Christmas',
    'NATIONAL_HOLIDAY'
  ),
  (
    'Netherlands',
    'NL',
    2026,
    '2026-04-03',
    'Friday',
    'Good Friday',
    'NATIONAL_HOLIDAY'
  ),
  (
    'Netherlands',
    'NL',
    2026,
    '2026-01-01',
    'Thursday',
    'New Year''s Day',
    'NATIONAL_HOLIDAY'
  ),
  (
    'Netherlands',
    'NL',
    2026,
    '2026-12-25',
    'Friday',
    'Christmas Day',
    'NATIONAL_HOLIDAY'
  ),
  (
    'Netherlands',
    'NL',
    2026,
    '2026-05-25',
    'Monday',
    'Whit Monday',
    'NATIONAL_HOLIDAY'
  ),
  (
    'Netherlands',
    'NL',
    2026,
    '2026-05-05',
    'Tuesday',
    'Liberation Day',
    'PUBLIC_SECTOR'
  ),
  (
    'United Kingdom',
    'GB',
    2024,
    '2024-05-27',
    'Monday',
    'Spring Bank Holiday',
    'BANK_HOLIDAY'
  ),
  (
    'United Kingdom',
    'GB',
    2024,
    '2024-03-29',
    'Friday',
    'Good Friday',
    'BANK_HOLIDAY'
  ),
  (
    'United Kingdom',
    'GB',
    2024,
    '2024-12-26',
    'Thursday',
    'Boxing Day',
    'BANK_HOLIDAY'
  ),
  (
    'United Kingdom',
    'GB',
    2024,
    '2024-05-06',
    'Monday',
    'Early May Bank Holiday',
    'BANK_HOLIDAY'
  ),
  (
    'United Kingdom',
    'GB',
    2024,
    '2024-12-25',
    'Wednesday',
    'Christmas Day',
    'BANK_HOLIDAY'
  ),
  (
    'United Kingdom',
    'GB',
    2024,
    '2024-01-01',
    'Monday',
    'New Year''s Day',
    'BANK_HOLIDAY'
  ),
  (
    'United Kingdom',
    'GB',
    2025,
    '2025-05-26',
    'Monday',
    'Spring Bank Holiday',
    'BANK_HOLIDAY'
  ),
  (
    'United Kingdom',
    'GB',
    2025,
    '2025-12-26',
    'Friday',
    'Boxing Day',
    'BANK_HOLIDAY'
  ),
  (
    'United Kingdom',
    'GB',
    2025,
    '2025-01-01',
    'Wednesday',
    'New Year''s Day',
    'BANK_HOLIDAY'
  ),
  (
    'United Kingdom',
    'GB',
    2025,
    '2025-04-18',
    'Friday',
    'Good Friday',
    'BANK_HOLIDAY'
  ),
  (
    'United Kingdom',
    'GB',
    2025,
    '2025-12-25',
    'Thursday',
    'Christmas Day',
    'BANK_HOLIDAY'
  ),
  (
    'United Kingdom',
    'GB',
    2025,
    '2025-05-05',
    'Monday',
    'Early May Bank Holiday',
    'BANK_HOLIDAY'
  ),
  (
    'United Kingdom',
    'GB',
    2026,
    '2026-12-26',
    'Saturday',
    'Boxing Day',
    'BANK_HOLIDAY'
  ),
  (
    'United Kingdom',
    'GB',
    2026,
    '2026-04-03',
    'Friday',
    'Good Friday',
    'BANK_HOLIDAY'
  ),
  (
    'United Kingdom',
    'GB',
    2026,
    '2026-05-04',
    'Monday',
    'Early May Bank Holiday',
    'BANK_HOLIDAY'
  ),
  (
    'United Kingdom',
    'GB',
    2026,
    '2026-01-01',
    'Thursday',
    'New Year''s Day',
    'BANK_HOLIDAY'
  ),
  (
    'United Kingdom',
    'GB',
    2026,
    '2026-12-25',
    'Friday',
    'Christmas Day',
    'BANK_HOLIDAY'
  ),
  (
    'United Kingdom',
    'GB',
    2026,
    '2026-05-25',
    'Monday',
    'Spring Bank Holiday',
    'BANK_HOLIDAY'
  ),
  (
    'United States',
    'US',
    2024,
    '2024-01-01',
    'Monday',
    'New Year''s Day',
    'PUBLIC_HOLIDAY'
  ),
  (
    'United States',
    'US',
    2024,
    '2024-01-15',
    'Monday',
    'Birthday of Martin Luther King, Jr.',
    'PUBLIC_HOLIDAY'
  ),
  (
    'United States',
    'US',
    2024,
    '2024-02-19',
    'Monday',
    'Washington''s Birthday',
    'PUBLIC_HOLIDAY'
  ),
  (
    'United States',
    'US',
    2024,
    '2024-05-27',
    'Monday',
    'Memorial Day',
    'PUBLIC_HOLIDAY'
  ),
  (
    'United States',
    'US',
    2024,
    '2024-06-19',
    'Wednesday',
    'Juneteenth National Independence Day',
    'PUBLIC_HOLIDAY'
  ),
  (
    'United States',
    'US',
    2024,
    '2024-07-04',
    'Thursday',
    'Independence Day',
    'PUBLIC_HOLIDAY'
  ),
  (
    'United States',
    'US',
    2024,
    '2024-09-02',
    'Monday',
    'Labor Day',
    'PUBLIC_HOLIDAY'
  ),
  (
    'United States',
    'US',
    2024,
    '2024-10-14',
    'Monday',
    'Columbus Day',
    'PUBLIC_HOLIDAY'
  ),
  (
    'United States',
    'US',
    2024,
    '2024-11-11',
    'Monday',
    'Veterans Day',
    'PUBLIC_HOLIDAY'
  ),
  (
    'United States',
    'US',
    2024,
    '2024-11-28',
    'Thursday',
    'Thanksgiving Day',
    'PUBLIC_HOLIDAY'
  ),
  (
    'United States',
    'US',
    2024,
    '2024-12-25',
    'Wednesday',
    'Christmas Day',
    'PUBLIC_HOLIDAY'
  ),
  (
    'United States',
    'US',
    2025,
    '2025-01-01',
    'Wednesday',
    'New Year''s Day',
    'PUBLIC_HOLIDAY'
  ),
  (
    'United States',
    'US',
    2025,
    '2025-01-20',
    'Monday',
    'Birthday of Martin Luther King, Jr.',
    'PUBLIC_HOLIDAY'
  ),
  (
    'United States',
    'US',
    2025,
    '2025-02-17',
    'Monday',
    'Washington''s Birthday',
    'PUBLIC_HOLIDAY'
  ),
  (
    'United States',
    'US',
    2025,
    '2025-05-26',
    'Monday',
    'Memorial Day',
    'PUBLIC_HOLIDAY'
  ),
  (
    'United States',
    'US',
    2025,
    '2025-06-19',
    'Thursday',
    'Juneteenth National Independence Day',
    'PUBLIC_HOLIDAY'
  ),
  (
    'United States',
    'US',
    2025,
    '2025-07-04',
    'Friday',
    'Independence Day',
    'PUBLIC_HOLIDAY'
  ),
  (
    'United States',
    'US',
    2025,
    '2025-09-01',
    'Monday',
    'Labor Day',
    'PUBLIC_HOLIDAY'
  ),
  (
    'United States',
    'US',
    2025,
    '2025-10-13',
    'Monday',
    'Columbus Day',
    'PUBLIC_HOLIDAY'
  ),
  (
    'United States',
    'US',
    2025,
    '2025-11-11',
    'Tuesday',
    'Veterans Day',
    'PUBLIC_HOLIDAY'
  ),
  (
    'United States',
    'US',
    2025,
    '2025-11-27',
    'Thursday',
    'Thanksgiving Day',
    'PUBLIC_HOLIDAY'
  ),
  (
    'United States',
    'US',
    2025,
    '2025-12-25',
    'Thursday',
    'Christmas Day',
    'PUBLIC_HOLIDAY'
  ),
  (
    'United States',
    'US',
    2026,
    '2026-01-01',
    'Thursday',
    'New Year''s Day',
    'PUBLIC_HOLIDAY'
  ),
  (
    'United States',
    'US',
    2026,
    '2026-01-19',
    'Monday',
    'Birthday of Martin Luther King, Jr.',
    'PUBLIC_HOLIDAY'
  ),
  (
    'United States',
    'US',
    2026,
    '2026-02-16',
    'Monday',
    'Washington''s Birthday',
    'PUBLIC_HOLIDAY'
  ),
  (
    'United States',
    'US',
    2026,
    '2026-05-25',
    'Monday',
    'Memorial Day',
    'PUBLIC_HOLIDAY'
  ),
  (
    'United States',
    'US',
    2026,
    '2026-06-19',
    'Friday',
    'Juneteenth National Independence Day',
    'PUBLIC_HOLIDAY'
  ),
  (
    'United States',
    'US',
    2026,
    '2026-07-04',
    'Saturday',
    'Independence Day',
    'PUBLIC_HOLIDAY'
  ),
  (
    'United States',
    'US',
    2026,
    '2026-09-07',
    'Monday',
    'Labor Day',
    'PUBLIC_HOLIDAY'
  ),
  (
    'United States',
    'US',
    2026,
    '2026-10-12',
    'Monday',
    'Columbus Day',
    'PUBLIC_HOLIDAY'
  ),
  (
    'United States',
    'US',
    2026,
    '2026-11-11',
    'Wednesday',
    'Veterans Day',
    'PUBLIC_HOLIDAY'
  ),
  (
    'United States',
    'US',
    2026,
    '2026-11-26',
    'Thursday',
    'Thanksgiving Day',
    'PUBLIC_HOLIDAY'
  ),
  (
    'United States',
    'US',
    2026,
    '2026-12-25',
    'Friday',
    'Christmas Day',
    'PUBLIC_HOLIDAY'
  );
